RO	http://inspire-geoportal.ec.europa.eu/resources/INSPIRE-7edbed58-ddbc-11e4-b469-52540004b857_20181015-140346/services/1/PullResults/1-20/19.iso19139.xml
DK	http://inspire-geoportal.ec.europa.eu/resources/INSPIRE-6e8353b4-de80-11e7-a188-52540023a883_20181010-063301/services/1/PullResults/141-160/11.iso19139.xml
CZ	http://inspire-geoportal.ec.europa.eu/resources/INSPIRE-16542303-763e-11e4-8b38-52540004b857_20180929-024929/services/1/PullResults/221-240/17.iso19139.xml
EE	http://inspire-geoportal.ec.europa.eu/resources/INSPIRE-608e479c-616e-11e2-b563-52540004b857_20181016-121801/services/1/PullResults/21-40/11.iso19139.xml
FI	http://inspire-geoportal.ec.europa.eu/resources/INSPIRE-f670705f-f4e9-11e6-81e4-52540023a883_20181015-161155/services/1/PullResults/541-560/7.iso19139.xml
IE	http://inspire-geoportal.ec.europa.eu/resources/INSPIRE-67c9c760-1be3-11e3-851a-52540004b857_20181008-173746/services/1/PullResults/1-20/2.iso19139.xml
LI	http://inspire-geoportal.ec.europa.eu/resources/INSPIRE-86b8eec9-581d-11e4-b478-52540004b857_20181015-093134/services/1/PullResults/51-60/7.iso19139.xml
MT	http://inspire-geoportal.ec.europa.eu/resources/INSPIRE-80e86358-9378-11e5-a300-a0369f4c5bc0_20181016-124636/services/1/PullResults/101-120/14.iso19139.xml
NL	http://inspire-geoportal.ec.europa.eu/resources/INSPIRE-8c93a17a-05f4-11e1-b7de-52540004b857_20181016-094626/services/1/PullResults/61-80/4.iso19139.xml
PL	http://inspire-geoportal.ec.europa.eu/resources/INSPIRE-d81e48c4-b4cf-11e3-a455-52540004b857_20181015-143233/services/1/PullResults/7401-7450/services/35/resourceLocator1/discovery/services/1/linkedDiscoveryService/services/1/PullResults/1-17/10.iso19139.xml
SK	http://inspire-geoportal.ec.europa.eu/resources/INSPIRE-da77b119-9d6e-11e7-b5a7-52540023a883_20181016-111552/services/1/PullResults/121-140/11.iso19139.xml
